title1,url1,description1,url_photo1,title2,url2,description2,url_photo2
Сноуборд Nidecker Play (См:159W) 2023-24,https://megamarket.ru/catalog/details/snoubord-nidecker-play-sm159w-2023-24-100068651141/,"Сноуборд Nidecker Play предлагает райдерам начального уровня надежную доску для быстрого прогресса из сезона в сезон. Play - это доска, которая идеально подходит для расслабленного катания по трассе или изучения ваших первых трюков в парке.  ",https://main-cdn.sbermegamarket.ru/big2/hlr-system/205/085/575/553/022/46/100068651141b0.jpg,Сноуборд TERROR - FUTURE Ростовка 163,https://megamarket.ru/catalog/details/snoubord-terror-future-rostovka-163-600015535360/,"скользяк из высокомолекулярного полиэтилена — идеальное сочетание характеристик для сноубордистов, которые нацелены не только совершенствоваться в разных стилях катания, но и сознательно испытать духовидческий опыт — то, что бессознательно всегда с нами.",https://main-cdn.sbermegamarket.ru/big2/hlr-system/-17/683/691/821/282/03/600015535360b0.webp
Смартфон Samsung Galaxy S25 Ultra 5G 12/256GB Titanium Gray,https://megamarket.ru/catalog/details/smartfon-samsung-galaxy-s25-ultra-5g-12-256gb-titanium-gray-100073744126/,"Отличный телефон, у меня версия на эксинос, все летает. Очень яркий экран, приятный дизайн, вес небольшой.
Цвет Marble Grey очень красивый, однако, если носить в чехле, то видно не будет. Прозрачный чехол дешевит телефон",https://main-cdn.sbermegamarket.ru/big2/hlr-system/436/352/496/226/169/100066351023b1.jpg,"Смартфон Samsung Galaxy S24 Plus 256GB, Onyx Black",https://megamarket.ru/catalog/details/smartfon-samsung-galaxy-s24-plus-256gb-onyx-black-100066351023_57988/,"Смартфон Samsung Galaxy S24 Plus 256GB Onyx Black. Десятиядерный процессор Samsung Exynos 2400 с частотой до 3.2 ГГц, графический ускоритель Samsung Xclipse 940 и 12 ГБ оперативной памяти — высокая производительность, стабильная и плавная работа в программах и играх с высокими системными требованиями. Экран 6.7"" с матрицей Dynamic AMOLED 2X, частотой обновления 120 Гц и плотностью пикселей 513 ppi — динамичные сцены плавные, а цвета яркие и насыщенные. Внутреннее хранилище объемом 256 ГБ позволяет устанавливать большое количество приложений, хранить много медиафайлов и документов. Авторизация через распознавание лица и по отпечатку пальца защищает личные данные. Поддерживает eSIM и до двух физических карт формата nano-SIM. Полностью водонепроницаемый корпус из стекла и металла с влагозащитой по стандарту IP68. Экран Corning Gorilla Glass Victus 2 с олеофобным покрытием защищает дисплей от ударов и появления царапин. Фронтальная камера 12 Мп для селфи и видеозвонков. Трехмодульная основная камера 50+10+12 Мп с оптической стабилизацией и зумом 3X. Запись видео в форматах Full HD, Ultra HD 4K и Ultra HD 8K от 30 до 240 кадр/сек. Встроенные модули Wi-Fi, Bluetooth и NFC для беспроводного обмена данными с совместимыми устройствами. Навигационные системы A-GPS, BeiDou, GPS, Galileo, QZSS, ГЛОНАСС помогут быстро сориентироваться в незнакомом месте и проложить маршрут до нужной точки. Интерфейс для подключения USB-с с опцией OTG — высокая скорость чтения и записи на внешние носители информации. Аккумулятор 4900 мАч с поддержкой беспроводной и быстрой зарядки Power Delivery 3.0. Время автономной работы до 92 часов. Операционная система — Android 14, оболочка One UI 6.1.",https://main-cdn.sbermegamarket.ru/big2/hlr-system/436/352/495/226/169/100066351023b0.jpg
Смарт-часы HUAWEI Watch Fit 2 Classic Edition лунный белый,https://megamarket.ru/catalog/details/smart-chasy-huawei-watch-fit-2-classic-edition-lunnyy-belyy-100034672650_79712/,количества калорий; количества шагов; продолжительности сна; сердечного ритма; уровня кислорода в крови; физической активности,https://main-cdn.sbermegamarket.ru/big2/hlr-system/-12/064/048/188/121/938/100034672650b0.jpg,Смарт-часы Apple Watch S9 41 mm Midnight Aluminium S/M,https://megamarket.ru/catalog/details/smart-chasy-apple-watch-s9-41-mm-midnight-aluminium-sm-100062620377_192257/,"Смарт-часы Apple Watch S9 с сенсорным экраном Retina LTPO OLED, яркость — 2000 нит, позволяет считывать информацию под солнечными лучами. Корпус из алюминия защищен от проникновения влаги — выдерживает погружение под воду на глубину до 50 м. Чип S9 с 5,6 млрд транзисторов обеспечивает стабильную работу, быстрый отклик и поддержку двойного касания. Поддерживает Siri — можно управлять устройством голосовыми командами. Смарт-часы позволяют отслеживать параметры тренировки и состояние организма — измеряют пульс, определяют уровень кислорода в крови, считают потраченные калории. Может распознавать фазы сна. Максимальное время работы без подзарядки — до 18 часов.",https://main-cdn.sbermegamarket.ru/big2/hlr-system/20/82/96/-92/75/-28/100062620377b0.png
Умная колонка Яндекс Новая Станция Мини (с часами) Black (YNDX-00020K),https://megamarket.ru/catalog/details/umnaya-kolonka-yandeks-novaya-stanciya-mini-s-chasami-black-yndx-00020k-100029400053/,"Одним из главных плюсов умной колонки Яндекс Новая Станция Мини является ее функциональность. Она поддерживает голосовое управление, что делает ее очень удобной в использовании. Вы можете просить колонку включить музыку, регулировать громкость, задавать вопросы, заказывать такси, узнавать новости и многое другое, просто используя свой голос. Это особенно удобно, когда вам заняты руками или вы находитесь на некотором расстоянии от колонки.",https://main-cdn.sbermegamarket.ru/big2/hlr-system/166/672/987/211/262/015/100029400053b2.jpg,Умная колонка Яндекс Новая Станция Мини (с часами) Красный Гранат (YNDX-00020R),https://megamarket.ru/catalog/details/portativnaya-kolonka-yandeks-novaya-stanciya-mini-krasnyy-granat-600005544611/,"Умная колонка «Яндекс» — компактное устройство с голосовым помощником Алисой. Оснащена встроенными часами с ярким LED-дисплеем, которые позволяют легко следить за временем даже в тёмное время суток. Она помогает управлять устройствами умного дома, устанавливать будильники, воспроизводить музыку, отвечать на вопросы. Обновлённая версия предлагает улучшенное звучание благодаря динамикам и глубоким басам, обеспечивает приятное прослушивание музыки, радио или подкастов. Лаконичный дизайн с тканевым покрытием гармонично вписывается в любой интерьер.",https://main-cdn.sbermegamarket.ru/big2/hlr-system/-71/035/857/811/262/018/600005544611b0.jpg
Смарт-часы Huawei Watch 4 Pro серый (55020BXM),https://megamarket.ru/catalog/details/smart-chasy-huawei-watch-4-pro-seryy-55020bxm-600022971270/,"Смарт-часы HUAWEI WATCH 4 Pro LTE SE Grey предоставляют широкий набор функций, направленных на мониторинг здоровья и улучшение удобства пользования смартфоном. Основные характеристики и возможности устройства включают:

",https://main-cdn.sbermegamarket.ru/big2/hlr-system/978/424/544/121/217/17/600022971270b0.jpg,Смарт-часы Huawei GT 3 Pro ODN-B19 Light Titanium / Gray Leather,https://megamarket.ru/catalog/details/smart-chasy-huawei-gt-3-pro-ond-b19-light-titanium-gray-leather-100030319618_7/,"Смарт-часы Huawei GT 3 Pro ODN-B19 Light Titanium / Gray Leather - это стильные и умные гаджеты, которые помогут вам быть в тренде и всегда оставаться на связи.",https://main-cdn.sbermegamarket.ru/big2/hlr-system/-34/780/180/711/141/4/100030319618b0.jpg
"Крупа гречневая PROSTO в варочных пакетиках, 8 порций, 500 г",https://megamarket.ru/catalog/details/krupa-grechnevaya-prosto-yadrica-kalibrovannaya-v-paketikah-8x625-g-100023360997_13079/#?related_search=%D0%B3%D1%80%D0%B5%D1%87%D0%BA%D0%B0%20%D0%B2%20%D0%BF%D0%B0%D0%BA%D0%B5%D1%82%D0%B8%D0%BA%D0%B0%D1%85,"Крупа гречневая ядрица быстроразваривающаяся, калиброванная. Сорт высший. Может содержать следы глютена",https://main-cdn.sbermegamarket.ru/big2/hlr-system/-10/777/660/881/122/250/100023360997b0.jpg,Крупа гречневая Увелка ядрица экстра 80 г 5 пакетиков,https://megamarket.ru/catalog/details/krupa-grechnevaya-uvelka-yadrica-ekstra-5x80-g-100023361023/,"Вкус. Гречневая крупа “Увелка” имеет прекрасный вкус и аромат. Она идеально подходит для приготовления гарниров, супов и каш.",https://main-cdn.sbermegamarket.ru/big2/hlr-system/-10/576/610/072/716/18/100023361023b0.png
Пирожное choco pie Lotte 336 г,https://megamarket.ru/catalog/details/pirozhnoe-choco-pie-lotte-336-g-100023631696/,"мука пшеничная хлебопекарная в/с, сахар-песок, вода питьевая, глюкозный сироп (патока крахмальная высокоосахаренная), жир кондитерский, масло растительное, какао-порошок",https://main-cdn.sbermegamarket.ru/big2/hlr-system/151/401/150/113/011/10/100023631696b0.jpg,"Пирожное choco pie Orion 30 г 12 штук, в ассортименте",https://megamarket.ru/catalog/details/pirozhnoe-choco-pie-orion-30-g-12-shtuk-v-assortimente-100023631711/,"Чоко пай - нестареющая классика для тех, кто весной не сел на диету. Из всех видов красная классика самая вкусная для меня",https://main-cdn.sbermegamarket.ru/big2/hlr-system/151/469/189/111/517/55/100023631711b2.jpg
Плечики для одежды Guten Tag бархатные 45 см ZR1501,https://megamarket.ru/promo-page/details/#?slug=plechiki-dlya-odezhdy-guten-tag-barhatnye-45-sm-zr1501-100032636682&merchantId=6857,"Не стандартный цвет, отсутствует малая перекладина для поясов как в аналогах, и причём черных и дешевле. Не понравилось ещё то что изначально я заказывала семь вешалок из семи возможных из ""улыбка радуги"", в наличии оказалось всего две штуки, при этом заказ мне не отменяли, это возмутительно, хотя я ссылалась на то что сам магазин мне отменил преимущественное количество",https://main-cdn.sbermegamarket.ru/big2/hlr-system/-10/269/027/177/201/445/100032636682b0.jpg,Вешалки для одежды Maxus 3 шт,https://megamarket.ru/catalog/details/veshalki-dlya-odezhdy-maxus-3-sht-100029961743_16243/#?related_search=%D0%BF%D0%BB%D0%B5%D1%87%D0%B8%D0%BA%D0%B8,"Нормальные, деревянные плечики, сделаны аккуратно, крючок вращается, дерево отшлифовано и покрыто лаком.",https://main-cdn.sbermegamarket.ru/big2/hlr-system/-14/390/015/461/210/138/100029961743b0.jpg
"Бананы, 500 г",https://megamarket.ru/catalog/details/banany-100028181159/,"Бананы - это не только вкусный фрукт, но и источник множества питательных веществ. Вот несколько ключевых аспектов, которые стоит учитывать при выборе и употреблении бананов:",https://main-cdn.sbermegamarket.ru/big2/hlr-system/108/037/391/812/519/7/100028181159b0.jpg,Манго +-600 г,https://megamarket.ru/catalog/details/mango-600-g-100039740823_17707/,"Бюджетное манго для тех кто не ел настоящее в соответствующих странах. Если не сравнивать с идеальными манго на курортах, то вполне имеет место быть.",https://main-cdn.sbermegamarket.ru/big2/hlr-system/166/602/629/791/411/1/100039740823b0.jpeg
"Циркулярная пила аккумуляторная Greenworks GD24CS, 24V, бесщеточная, без АКБ и ЗУ 1500907",https://megamarket.ru/catalog/details/cirkulyarnaya-pila-akkumulyatornaya-greenworks-gd24cs-24v-besshetochnaya-bez-akb-i-zu-100028104643/,лазерная направляющая; пылеотвод для пылесоса; регулировка оборотов,https://main-cdn.sbermegamarket.ru/big2/hlr-system/-16/342/187/331/115/202/4/100028104643b0.png,"Мультистайлер Rowenta x Karl Lagerfeld Fashion Stylist 3 в 1 CF451LF0, черный",https://megamarket.ru/catalog/details/multistayler-rowenta-x-karl-lagerfeld-fashion-stylist-3-v-1-cf451lf0-chernyy-600010280775/,Мультистайлер для волос 3 в 1 Rowenta x Karl Lagerfeld Fashion Stylist CF451LF0 открывает бесконечное число образов и укладок: от классических и проверенных временем до самых модных.,https://main-cdn.sbermegamarket.ru/big2/hlr-system/204/360/616/212/271/531/600010280775b0.jpg